[
    {
        "K": [
            [
                803.4229774936194,
                0.0,
                403.2169660967768
            ],
            [
                0.0,
                790.222538392337,
                314.03338618085866
            ],
            [
                0.0,
                0.0,
                1.0
            ]
        ],
        "d": [
            -0.35755224523592627,
            0.08533174851494056,
            0.006163657665808853,
            0.0004438855409355342,
            0.017205204974155133
        ],
        "width": "800",
        "height": "600",
        "camera": "0"
    },
    {
        "K": [
            [
                786.4460959660489,
                0.0,
                419.15518229088167
            ],
            [
                0.0,
                792.1689489143411,
                307.3366829840948
            ],
            [
                0.0,
                0.0,
                1.0
            ]
        ],
        "d": [
            -0.3214876716767186,
            -0.27418566058493493,
            -0.00764275645102236,
            0.0010179844794886317,
            1.1410398496092855
        ],
        "width": "800",
        "height": "600",
        "camera": "4"
    },
    {
        "K": [
            [
                784.8363897443932,
                0.0,
                377.63838946649093
            ],
            [
                0.0,
                786.5226148170957,
                326.8343389353729
            ],
            [
                0.0,
                0.0,
                1.0
            ]
        ],
        "d": [
            -0.36341527715112587,
            0.07526217093156373,
            -0.011110427011409752,
            -0.0014258671352195313,
            -0.00026416116907608533
        ],
        "width": "800",
        "height": "600",
        "camera": "2"
    }
]